<?xml version="1.0" encoding="utf-8" ?><dwsync><file name="african-man.svg" server="ftp.cleantush.pixelplaycreative.com//cleantush/" local="3598826033" remote="3598823340" Dst="-1" /><file name="cleanTush-logo.svg" server="ftp.cleantush.pixelplaycreative.com//cleantush/" local="3598802479" remote="3598823340" Dst="-1" /><file name="hipster-man.svg" server="ftp.cleantush.pixelplaycreative.com//cleantush/" local="3598800127" remote="3598823340" Dst="-1" /><file name="logo-bg.svg" server="ftp.cleantush.pixelplaycreative.com//cleantush/" local="3598800830" remote="3598823340" Dst="-1" /><file name="ribbon.svg" server="ftp.cleantush.pixelplaycreative.com//cleantush/" local="3598826426" remote="3598823340" Dst="-1" /><file name="speech-bubble.svg" server="ftp.cleantush.pixelplaycreative.com//cleantush/" local="3598807923" remote="3598823340" Dst="-1" /><file name="starburst.svg" server="ftp.cleantush.pixelplaycreative.com//cleantush/" local="3598806232" remote="3598823340" Dst="-1" /><file name="halftone.svg" server="ftp.cleantush.pixelplaycreative.com//cleantush/" local="3598830108" remote="3598823340" Dst="-1" /><file name="white-woman.svg" server="ftp.cleantush.pixelplaycreative.com//cleantush/" local="3598799258" remote="3598823340" Dst="-1" /></dwsync>